a,325
abide,1
about,40
above,1
accept,1
accepted,1
accepting,1
access,10
accessible,1
accordance,2
accustomed,1
across,5
active,2
actually,1
added,6
addition,1
additional,4
additions,1
address,1
addressed,1
adoption,1
adventures,3
advice,1
advisable,1
advise,1
affectionately,2
afore,1
afraid,4
after,16
again,7
against,6
agent,1
agony,1
agree,9
agreed,1
agreement,9
air,1
alas,1
alice,103
all,70
allow,1
almost,3
alone,1
along,4
already,2
also,2
alternate,1
alternately,1
always,2
am,4
among,9
an,22
and,379
anger,1
angry,3
animal,1
animals,4
ann,1
another,9
answer,2
anxiously,5
any,48
anyone,5
anything,6
anywhere,2
appear,1
appearance,1
appearing,1
applicable,3
apply,1
approach,1
archbishop,2
archive,13
are,32
arise,1
arm,7
arms,4
around,1
array,1
as,95
ascii,1
asked,3
asking,2
asleep,1
assembled,2
assistance,1
associated,7
at,93
ate,1
atheling,1
atom,1
attached,1
attempt,1
august,1
authority,1
available,1
away,12
awhile,1
baby,3
back,13
balls,1
barrowful,2
based,2
be,55
beat,1
beating,1
beautiful,2
beautifully,2
because,3
become,1
beds,1
been,10
before,9
beg,2
began,13
begged,1
begin,1
beginning,4
begun,1
beheading,1
behind,2
being,2
believe,3
belong,1
below,1
bend,1
best,4
better,3
between,1
bill,1
birds,6
bit,6
blades,1
blasts,2
blew,2
blow,1
blows,1
blue,1
book,2
both,5
bottle,6
bough,1
bound,2
bowed,2
box,2
boxed,1
brass,1
breach,2
bread,3
breathe,1
bright,4
brightened,1
bring,1
bringing,1
bristling,1
broke,1
broken,3
brought,1
brushing,1
burning,1
busily,1
business,2
but,38
butter,2
buttered,1
by,47
cakes,2
calculate,1
calculated,1
caldron,2
call,1
called,10
calling,1
came,25
can,16
canary,1
cannot,5
card,1
care,3
cares,1
carried,1
carroll,3
carry,1
carrying,2
cat,6
caterpillar,6
cats,2
caught,2
cause,3
caused,2
cease,1
certain,4
certainly,3
chanced,1
change,2
changed,2
changes,1
changing,1
character,1
charge,6
charitable,1
charities,1
check,2
chief,1
child,1
chimney,2
chin,3
choke,1
choked,1
choose,1
chorus,2
claim,1
clapping,1
clearly,1
climb,1
clinging,1
close,6
closely,1
codes,1
collection,3
come,8
comes,1
comfits,1
coming,2
commercial,1
committed,1
commotion,1
company,3
compilation,1
complained,1
complaining,1
compliance,4
comply,6
complying,3
computer,2
computers,1
concept,2
concerning,2
concluded,1
condemn,1
confirmation,1
confirmed,1
confused,1
confusion,2
consider,1
considerable,2
considering,1
constant,2
consultation,1
contact,4
contain,2
containing,1
continued,1
contract,1
contributions,2
conversation,1
conversations,1
convert,1
cook,4
cool,2
copied,2
copies,7
copy,8
copying,2
copyright,13
corner,1
corporation,1
corrupt,1
cost,2
costs,2
could,23
countries,1
country,2
court,3
crash,1
crawled,1
created,2
creating,4
creation,1
creature,2
creatures,2
credit,1
creep,1
cried,10
crimson,1
critical,1
croquet,4
croqueting,1
cross,1
crouched,1
crowd,3
crowded,4
crown,2
cry,3
crying,1
cunning,1
cupboards,2
curious,6
curls,1
current,1
curtain,1
curving,1
custody,1
cut,1
damage,1
damaged,1
damages,2
dare,1
dark,3
darkness,1
date,2
day,3
days,4
dead,2
deal,5
dear,2
decided,1
deductible,1
deep,1
defect,3
defective,2
deletions,1
delighted,2
demand,1
depends,1
derivative,3
derive,1
derived,1
described,1
despair,1
despite,1
destroy,2
detach,1
determine,1
did,11
different,2
difficulty,1
digging,2
dipped,1
directly,1
director,1
disagree,1
disclaim,1
disclaimer,3
disclaimers,1
discontinue,1
discover,1
discovered,1
dish,2
disk,1
displaying,2
distance,2
distribute,6
distributed,5
distributing,6
distribution,6
distributor,1
dive,1
do,36
dodo,4
does,2
dog,1
dogs,1
doing,2
domain,8
donate,1
donation,1
donations,14
done,2
donors,1
door,15
doors,2
dormouse,4
double,1
down,44
dozing,1
draggled,1
draw,1
dreadfully,2
dream,1
drew,2
dried,1
driest,1
drink,3
dripping,1
drop,1
dropped,4
drunk,1
dry,6
duchess,10
duck,1
each,4
eager,1
ear,1
earls,1
ears,1
easily,2
easy,2
eat,6
ebook,9
ebooks,3
edgar,1
edge,2
editions,3
educational,1
edwin,1
effect,1
effort,1
efforts,2
ein,1
either,6
elbow,1
elect,1
electronic,27
electronically,1
else,2
email,3
employee,1
employees,2
encourage,1
end,6
energetic,1
engaged,1
english,1
engraved,1
enough,2
ensuring,1
entangled,2
entity,3
entrance,1
equipment,1
escape,1
especially,1
est,1
even,6
ever,4
every,3
everybody,1
everything,3
evidence,3
evidently,1
exactly,2
excellent,1
except,4
exclaimed,1
exclusion,1
executed,1
executive,1
exempt,2
exists,1
expend,1
expense,1
explain,2
explanation,1
exporting,1
express,1
extent,1
extraordinary,1
eye,1
eyes,7
face,6
fact,1
fair,1
fall,4
fallen,3
falling,1
familiarly,1
family,1
fan,8
fancied,1
fancy,1
fanning,1
far,4
farther,1
fast,1
favored,1
fear,1
federal,2
fee,8
feel,2
fees,2
feet,7
fell,5
felt,7
ferrets,1
fetch,1
few,4
field,1
fifteen,1
fifth,1
fight,1
fighting,1
file,2
files,2
filled,1
financial,1
find,12
finding,2
finds,1
fine,1
finish,1
finished,2
first,12
fitness,1
five,1
fix,1
flamingo,2
flamingos,1
flashed,1
flat,1
flavor,1
flinging,1
floor,1
flowers,2
flown,1
fluttered,1
fly,1
flying,1
follow,1
followed,5
following,3
fond,1
foot,6
footman,2
footsteps,2
for,70
forget,1
forgetting,1
forgot,2
forgotten,2
form,1
format,4
formats,2
forth,8
found,21
foundation,14
four,1
free,7
freely,4
french,2
fright,1
frighten,1
frightened,3
frog,1
from,31
front,2
frowning,1
full,17
fumbled,1
fur,2
furious,1
further,1
future,3
gabriel,2
gallons,1
game,2
garden,4
gardeners,2
gave,5
general,5
generally,2
generations,1
gently,1
get,19
getting,6
girl,1
give,7
given,1
glad,3
glass,5
gloves,4
go,16
goals,1
goes,2
going,11
golden,6
gone,4
good,8
gordon,1
got,16
govern,1
graceful,1
grand,1
granted,1
gratefully,1
great,19
green,1
gregory,1
grew,1
grinned,1
grinning,1
grins,1
gross,1
ground,3
group,1
grow,8
growing,6
grown,1
grunted,2
guard,1
guess,1
guessed,2
gutenberg,24
had,64
half,10
hall,2
hand,9
handed,2
hands,4
hanging,1
happen,1
happened,1
hard,5
hardly,3
hare,3
harm,1
harmless,1
hart,1
has,5
hastily,4
hatching,1
hate,1
hatter,6
have,23
having,3
he,23
head,8
heads,2
heap,1
hear,7
heard,17
hearing,2
hearts,1
hedgehog,1
height,3
held,2
help,4
helpless,1
her,94
here,7
hers,2
herself,20
high,4
highest,1
him,3
his,17
hiss,1
history,1
hit,2
hold,2
holder,1
holding,2
home,1
honest,1
hookah,3
hope,4
hopeless,1
hoping,1
hot,2
hour,2
house,6
how,13
howling,3
hundreds,1
hung,1
hunting,1
hurried,5
hurriedly,2
hurry,2
hurrying,1
hurt,2
hypertext,1
i,89
idea,6
identification,1
if,41
imagine,1
immediate,3
immediately,1
immense,1
impatiently,2
implied,1
important,4
imposed,1
impossible,1
in,222
inaccurate,1
inches,5
incidental,1
include,1
included,2
includes,1
including,8
increasing,1
indeed,1
indemnify,1
indemnity,1
indicate,1
indicating,1
indirectly,1
individual,4
information,6
inquisitively,1
instantly,2
instead,1
insult,1
intellectual,2
internal,1
international,1
interpreted,1
into,39
invalidity,1
invitation,2
invited,1
inwards,1
irma,2
is,52
it,136
its,27
itself,1
jar,1
jason,2
joined,1
jumped,2
jumping,2
jury,2
jurymen,2
just,24
keep,3
keeping,3
kept,6
kettle,1
key,5
kick,1
kill,1
kills,1
king,10
kings,1
kitchen,1
knave,5
kneel,1
knelt,1
knew,2
knocking,1
know,13
known,1
labeled,1
lake,1
lamps,1
lap,1
large,21
larger,2
largest,1
last,14
late,3
law,1
laws,7
lay,2
leading,1
leaning,1
leap,1
learn,1
least,3
leave,4
leaves,2
led,4
left,6
legal,2
legally,1
legs,2
length,1
less,1
lest,1
let,2
letter,2
lewis,3
liability,1
liable,1
library,1
license,11
licensed,1
lieu,2
like,32
liked,1
likely,1
limitation,3
limited,5
linked,2
links,3
listen,1
lit,1
literary,13
little,57
live,2
livery,1
lives,1
located,4
locations,1
locks,1
lonely,1
long,12
longed,1
longer,1
look,4
looked,18
looking,11
loose,1
lory,1
lost,1
lot,1
loud,1
loudly,1
love,1
loveliest,1
lovely,2
low,7
luckily,1
lying,4
ma,1
machine,1
mad,4
made,11
magic,1
main,1
maintaining,1
majesty,1
make,11
makes,5
making,3
mallets,1
managed,2
many,5
maps,1
march,8
marked,7
mary,3
master,1
matter,1
matters,1
maximum,1
may,18
me,20
mean,4
meaning,3
means,5
meant,2
measure,1
medium,3
meet,3
meeting,1
melan,1
melancholy,1
mentioned,1
merchantibility,1
mercia,1
merely,1
met,3
method,1
methods,1
michael,2
middle,1
might,6
mile,2
miles,1
milk,1
mind,4
minding,1
minute,4
minutes,3
miserable,1
miss,1
mission,4
mississippi,1
mistake,1
mixed,1
modified,1
moment,10
money,3
moral,2
more,15
morning,1
morsel,1
most,5
mostly,1
mouse,16
mouth,2
move,1
moved,1
moving,1
much,12
murder,1
mushroom,5
must,20
muttering,2
my,18
myself,1
name,7
named,1
narrow,1
natural,1
near,11
nearer,1
nearly,2
neat,1
necessarily,1
neck,4
needs,1
neither,2
network,1
never,9
new,5
newby,1
newsletter,1
next,12
nibbled,2
nibbling,2
nice,2
night,1
nine,3
no,31
nobody,2
noise,3
non,1
nonproprietary,1
nor,2
north,1
not,52
nothing,9
notice,7
noticed,5
notifies,1
now,13
nowhere,1
number,4
numerous,1
nurse,1
nursing,1
o,1
obtain,3
obtaining,2
of,313
off,14
offended,4
offer,1
offers,1
office,2
official,3
often,1
oh,1
old,2
on,67
once,8
one,32
ones,1
oneself,1
online,6
only,14
open,4
opened,6
opening,2
opportunities,1
opportunity,2
opposite,1
or,109
organized,1
original,1
originator,1
ornamented,2
other,23
others,2
ought,5
our,11
out,45
outdated,1
outside,4
over,11
owed,1
own,2
owner,3
owns,2
pack,4
page,2
pages,1
paid,6
painting,2
pair,4
pairs,1
pale,1
panting,1
paper,4
paperwork,1
paragraph,11
paragraphs,3
parchment,1
part,4
particular,3
particularly,1
party,5
passage,2
passion,1
passionate,1
past,1
patriotic,1
patted,1
pattering,3
paw,1
pay,1
paying,2
payments,3
pebbles,2
peeped,3
peeping,1
people,7
pepper,2
performances,1
perhaps,1
periodic,1
permanent,1
permission,6
permitted,2
person,5
persons,1
pg,1
phrase,4
physical,2
picked,2
picking,1
pictures,3
piece,4
pieces,1
pigeon,3
pink,1
place,1
placed,1
plainly,1
plate,1
plates,1
play,6
played,1
players,2
pleasant,1
please,7
pleasing,1
pleasure,1
plenty,1
pocket,1
pointing,1
pool,6
poor,10
pop,1
possessed,1
possibility,1
possible,1
possibly,2
posted,5
poured,1
practically,1
prepare,1
presently,1
preserve,1
pressed,2
pressing,1
pretexts,1
prevent,1
previous,1
principal,1
print,1
printed,3
prisoner,1
processing,1
procession,2
produce,1
produced,3
producing,1
professor,1
profit,1
profits,1
prohibition,1
project,82
prominently,2
promised,1
promoting,2
promotion,1
proofread,1
proofreading,2
proper,1
property,2
proprietary,1
prosecute,1
protect,2
prove,1
proved,1
provide,6
provided,4
providing,4
provision,1
public,9
pulled,1
pulling,1
punitive,1
purpose,1
put,9
puzzling,1
quarrel,1
quarreling,1
quarrelling,1
queen,15
queer,1
question,5
quiet,1
quietly,2
quite,19
quiver,1
rabbit,22
race,2
raising,1
ran,9
rapped,1
rather,10
rats,1
rattling,1
raven,1
reach,3
reaching,2
read,7
readable,2
reading,2
ready,1
real,1
really,2
rearing,1
reason,2
reasonable,1
receipt,2
receive,3
received,5
receiving,1
recognized,1
redistribute,1
redistributing,2
redistribution,1
references,2
refund,7
registered,2
regulating,1
release,1
relieved,1
remain,1
remained,2
remaining,1
remark,1
remarkable,2
remedies,1
remember,3
remembered,2
remove,1
removed,1
repeated,1
replace,1
replacement,5
replied,2
reported,1
representations,1
require,1
required,1
requirements,2
research,1
restrictions,2
return,3
revenue,1
riddle,1
riddles,1
ridges,1
right,10
ring,1
rise,1
rising,1
roared,1
roast,1
robinson,1
roof,2
room,3
roots,1
rose,1
roses,1
round,1
row,1
royal,1
royalties,1
royalty,3
rules,3
rumbling,1
run,1
running,4
rush,1
sad,1
sadly,1
safe,1
said,130
salt,1
same,11
sat,5
saucer,1
savage,1
save,2
saves,1
saw,4
say,7
saying,1
says,1
scattered,1
scolded,1
scrambling,1
scratching,1
scroll,1
sea,1
search,2
seated,1
second,4
section,7
sections,1
secure,1
see,19
seeing,1
seem,3
seemed,11
seems,2
seen,2
seldom,1
send,1
sending,1
sends,1
sensation,1
sense,1
sent,1
sentence,5
set,17
settled,3
seven,1
several,3
severely,1
shall,5
share,1
shared,1
sharing,1
sharp,3
she,232
shedding,1
shelves,1
shifting,1
shoes,1
shook,3
shore,1
short,1
should,12
shoulders,1
shouted,4
show,2
shower,2
shriek,1
shrieks,1
shrill,1
shrinking,4
shut,3
shutting,2
side,8
sides,2
sight,1
signed,2
silence,4
since,3
sister,2
site,4
sitting,6
size,6
sizes,1
skurried,1
sleep,2
sleepy,2
slightest,1
slipped,1
slowly,3
small,8
smallest,1
smiled,1
smoke,1
smoking,1
snatch,2
sneeze,1
sneezed,1
sneezing,2
so,35
softly,1
soldier,1
soldiers,3
solemn,2
solicit,2
solicitation,1
solid,1
some,19
somebody,1
somehow,1
something,8
sometimes,3
sons,2
soon,14
sooner,1
soothing,1
sorrowful,1
sort,4
sorts,1
sound,2
sounds,2
soup,1
speak,2
special,1
specific,1
specified,2
speed,1
splashing,1
splendidly,1
spoke,2
spread,3
squeaking,1
stalk,1
stamping,2
stand,1
standing,1
staring,1
start,2
started,2
startled,1
state,6
statements,1
states,8
status,4
sticks,1
still,4
stirring,1
stockings,1
stole,2
stood,5
stool,1
stoop,1
stop,1
stopped,2
stopping,1
straight,1
strange,2
stretched,2
strict,1
struck,2
stupidest,1
stupidly,1
subject,2
submitted,1
subscribe,1
succeeded,2
such,17
sudden,3
suddenly,10
sulky,1
summer,1
support,3
suppose,2
sure,4
surprise,1
surprised,4
survive,1
swallow,1
swallowed,1
swallowing,1
swam,3
swamp,1
swim,1
swimming,2
synonymous,1
table,7
take,10
taken,1
takes,1
taking,2
tale,2
talk,4
talking,5
taller,1
tarts,3
taste,2
tax,6
tea,3
teacup,3
team,2
tears,3
telescope,1
tell,9
ten,5
terms,21
than,9
thank,1
that,93
the,793
their,10
them,13
themselves,2
then,26
there,26
these,8
they,39
thick,1
thing,12
things,4
think,14
thinking,4
thirty,1
this,82
those,9
though,1
thought,15
thoughtfully,1
thousand,1
three,8
threw,1
throne,1
through,10
throughout,1
throwing,1
tidy,1
tied,1
till,6
time,14
times,2
timid,2
timidly,1
tiny,3
tipped,1
tiptoe,1
tired,4
to,318
toffy,1
together,1
told,1
tone,1
too,9
took,13
top,3
trademark,4
transcribe,1
transcription,1
treatment,1
tree,3
trees,3
trembled,1
trembling,4
trial,3
tried,8
trot,1
trotting,2
trouble,3
trumpet,2
try,3
trying,3
tucked,3
tumbling,1
tunnel,1
turn,1
turned,7
turning,6
twelve,1
twice,1
two,9
types,1
uncorked,1
under,16
underneath,1
understand,2
uneasily,1
unenforceability,1
unfolded,2
uniform,1
united,10
unless,4
unlink,1
unlocked,1
unpleasant,1
unrolled,1
unsolicited,1
until,2
untwist,1
up,39
updated,1
upon,17
upright,1
upsetting,1
us,4
use,14
used,3
user,2
using,4
usual,1
usurpation,1
ut,1
vanilla,2
vanished,1
variety,1
various,2
velvet,1
venture,1
ventured,2
version,1
very,39
violates,1
violent,1
violently,2
visit,2
voice,8
voices,2
void,1
volunteer,1
volunteers,6
vulgar,1
waited,3
waiting,3
walked,6
walking,2
walks,1
wander,1
wandered,1
want,3
wanted,1
warranties,3
warranty,1
was,160
wasting,2
watch,2
watched,1
watching,1
water,1
waving,2
way,17
ways,1
we,14
weary,1
web,6
well,14
went,21
wept,1
were,30
wet,1
what,22
whatever,1
when,37
whenever,1
where,6
whether,4
which,25
while,5
whilst,1
whispers,1
white,21
who,18
whole,6
whom,1
whose,1
why,3
wide,2
widest,2
will,14
william,2
wind,1
window,2
wink,1
wish,9
with,113
within,5
without,14
witness,3
wonder,4
wonderful,1
wondering,1
wonderland,5
wood,1
word,1
words,3
wore,1
work,38
works,22
world,3
worse,1
worth,1
would,12
wretched,1
wriggling,1
write,1
writing,3
written,4
yards,1
yer,2
yesterday,1
yet,1
york,2
you,141
your,29
zigzag,1
